{
    "场局次": "东1局",
    "本场数": 0,
    "场供": 1,
    "朵拉指示牌": "8p",
    "里朵拉指示牌": "",
    "东家": {
        "点数": 24000, 
        "手牌": "78m23447799s", 
        "副露": "碰505s", 
        "牌河": "3z1m7s1s3z6zd4m1z"
        },  
    "南家": {
        "点数": 25000, 
        "手牌": "", 
        "副露": "", 
        "牌河": "3z1sr5z7s1p4s8p6p"
        },
    "西家": {
        "点数": 25000, 
        "手牌": "", 
        "副露": "", 
        "牌河": "4zd1s7z1z1pd2m8p"
        },
    "北家": {
        "点数": 25000, 
        "手牌": "", 
        "副露": "", 
        "牌河": "d1p2m1s5s2zd6zd5pd2zr5p"
        }
}