{
    "场局次": "东1局",
    "本场数": 0,
    "场供": 0,
    "朵拉指示牌": "3m",
    "里朵拉指示牌": "",
    "东家": {
        "点数": 25000, 
        "手牌": "", 
        "副露": "吃234m 碰111z", 
        "牌河": "3z1s1m8p6p7m"
        },  
    "南家": {
        "点数": 25000, 
        "手牌": "", 
        "副露": "", 
        "牌河": "9s7z6zd8p1z2p4s7m3s4m7s"
        },
    "西家": {
        "点数": 25000, 
        "手牌": "223446m2268p789s5s", 
        "副露": "", 
        "牌河": "9m1s2s8sd9s"
        },
    "北家": {
        "点数": 25000, 
        "手牌": "", 
        "副露": "", 
        "牌河": "1z1md2m2z1md1sd7md6md2pd8md0m"
        }
}