{
    "场局次": "东1局",
    "本场数": 0,
    "场供": 1,
    "朵拉指示牌": "5m",
    "里朵拉指示牌": "",
    "东家": {
        "点数": 24000, 
        "手牌": "", 
        "副露": "", 
        "牌河": "2pd4s3z4z6z9s"
        },  
    "南家": {
        "点数": 25000, 
        "手牌": "", 
        "副露": "5杠555z", 
        "牌河": "6z1s9sd1s8s1p"
        },
    "西家": {
        "点数": 25000, 
        "手牌": "5678m077p123067s", 
        "副露": "", 
        "牌河": "1m3z2p8s1sd8s"
        },
    "北家": {
        "点数": 25000, 
        "手牌": "", 
        "副露": "", 
        "牌河": "3z2z9p1md1md5z"
        }
}