{
    "场局次": "东1局",
    "本场数": 0,
    "场供": 1,
    "朵拉指示牌": "0p",
    "里朵拉指示牌": "",
    "东家": {
        "点数": 24000, 
        "手牌": "", 
        "副露": "", 
        "牌河": "3z9s1pd2p8m9p1z4sr5m"
        },  
    "南家": {
        "点数": 25000, 
        "手牌": "", 
        "副露": "", 
        "牌河": "7z2z3m5zd1sd1zd4zd4z"
        },
    "西家": {
        "点数": 25000, 
        "手牌": "66m6p89s", 
        "副露": "0碰55m 碰111z 碰555z", 
        "牌河": "9p7z6z2p8m4sd4zd1m"
        },
    "北家": {
        "点数": 25000, 
        "手牌": "", 
        "副露": "", 
        "牌河": "9pd7z9sd7sd5s4z4pd7p"
        }
}