{
    "场局次": "东1局",
    "本场数": 0,
    "场供": 0,
    "朵拉指示牌": "3p",
    "里朵拉指示牌": "",
    "东家": {
        "点数": 25000, 
        "手牌": "233678m05p334057s", 
        "副露": "", 
        "牌河": "4z9m5z2p7p7md9sd8pd8pd4z"
        },  
    "南家": {
        "点数": 25000, 
        "手牌": "", 
        "副露": "", 
        "牌河": "5z6z9m1m2s2zr8sd2pd6sd9s"
        },
    "西家": {
        "点数": 25000, 
        "手牌": "", 
        "副露": "", 
        "牌河": "1zd2z4z8s2pd6s5z2sd2sd2s"
        },
    "北家": {
        "点数": 25000, 
        "手牌": "", 
        "副露": "", 
        "牌河": "9p6z9m7sd8md1md5zd1m8s9s"
        }
}